vacina_D1,dose,agegroup,n,UF
AZ,D1,1,3,AC
AZ,D1,2,3,AC
AZ,D1,3,89,AC
AZ,D1,4,9033,AC
AZ,D1,5,6986,AC
AZ,D1,6,6377,AC
AZ,D1,7,3726,AC
AZ,D1,8,1517,AC
AZ,D1,9,682,AC
AZ,D1,10,294,AC
AZ,D1,11,59,AC
AZ,D2,1,0,AC
AZ,D2,2,0,AC
AZ,D2,3,55,AC
AZ,D2,4,30003,AC
AZ,D2,5,34520,AC
AZ,D2,6,43341,AC
AZ,D2,7,29897,AC
AZ,D2,8,12440,AC
AZ,D2,9,5720,AC
AZ,D2,10,2229,AC
AZ,D2,11,199,AC
AZ,R,1,0,AC
AZ,R,2,0,AC
AZ,R,3,5,AC
AZ,R,4,3987,AC
AZ,R,5,6417,AC
AZ,R,6,10884,AC
AZ,R,7,10579,AC
AZ,R,8,9022,AC
AZ,R,9,5055,AC
AZ,R,10,1591,AC
AZ,R,11,53,AC
Coronavac,D1,1,4,AC
Coronavac,D1,2,92,AC
Coronavac,D1,3,136,AC
Coronavac,D1,4,7303,AC
Coronavac,D1,5,3652,AC
Coronavac,D1,6,2117,AC
Coronavac,D1,7,1028,AC
Coronavac,D1,8,835,AC
Coronavac,D1,9,379,AC
Coronavac,D1,10,209,AC
Coronavac,D1,11,89,AC
Coronavac,D2,1,0,AC
Coronavac,D2,2,1,AC
Coronavac,D2,3,140,AC
Coronavac,D2,4,16055,AC
Coronavac,D2,5,12410,AC
Coronavac,D2,6,7606,AC
Coronavac,D2,7,4099,AC
Coronavac,D2,8,7730,AC
Coronavac,D2,9,3515,AC
Coronavac,D2,10,1439,AC
Coronavac,D2,11,605,AC
Coronavac,R,1,0,AC
Coronavac,R,2,1,AC
Coronavac,R,3,13,AC
Coronavac,R,4,3911,AC
Coronavac,R,5,5183,AC
Coronavac,R,6,3997,AC
Coronavac,R,7,2506,AC
Coronavac,R,8,8732,AC
Coronavac,R,9,4873,AC
Coronavac,R,10,1566,AC
Coronavac,R,11,643,AC
Pfizer,D1,1,3,AC
Pfizer,D1,2,1446,AC
Pfizer,D1,3,30723,AC
Pfizer,D1,4,29408,AC
Pfizer,D1,5,13101,AC
Pfizer,D1,6,6729,AC
Pfizer,D1,7,3201,AC
Pfizer,D1,8,771,AC
Pfizer,D1,9,275,AC
Pfizer,D1,10,114,AC
Pfizer,D1,11,20,AC
Pfizer,D2,1,0,AC
Pfizer,D2,2,89,AC
Pfizer,D2,3,48289,AC
Pfizer,D2,4,55038,AC
Pfizer,D2,5,28268,AC
Pfizer,D2,6,13399,AC
Pfizer,D2,7,7785,AC
Pfizer,D2,8,1160,AC
Pfizer,D2,9,404,AC
Pfizer,D2,10,130,AC
Pfizer,D2,11,18,AC
Pfizer,R,1,0,AC
Pfizer,R,2,0,AC
Pfizer,R,3,214,AC
Pfizer,R,4,1871,AC
Pfizer,R,5,2444,AC
Pfizer,R,6,1341,AC
Pfizer,R,7,1651,AC
Pfizer,R,8,46,AC
Pfizer,R,9,9,AC
Pfizer,R,10,0,AC
Pfizer,R,11,1,AC
AZ,D1,1,1,AL
AZ,D1,2,5,AL
AZ,D1,3,42,AL
AZ,D1,4,27587,AL
AZ,D1,5,25142,AL
AZ,D1,6,18606,AL
AZ,D1,7,14378,AL
AZ,D1,8,5599,AL
AZ,D1,9,2187,AL
AZ,D1,10,2076,AL
AZ,D1,11,686,AL
AZ,D2,1,0,AL
AZ,D2,2,1,AL
AZ,D2,3,65,AL
AZ,D2,4,84340,AL
AZ,D2,5,136036,AL
AZ,D2,6,126801,AL
AZ,D2,7,121931,AL
AZ,D2,8,54008,AL
AZ,D2,9,15099,AL
AZ,D2,10,13104,AL
AZ,D2,11,3334,AL
AZ,R,1,0,AL
AZ,R,2,0,AL
AZ,R,3,2,AL
AZ,R,4,14081,AL
AZ,R,5,22805,AL
AZ,R,6,36323,AL
AZ,R,7,57513,AL
AZ,R,8,41535,AL
AZ,R,9,12228,AL
AZ,R,10,14641,AL
AZ,R,11,3479,AL
Coronavac,D1,1,1,AL
Coronavac,D1,2,607,AL
Coronavac,D1,3,115,AL
Coronavac,D1,4,31864,AL
Coronavac,D1,5,15571,AL
Coronavac,D1,6,8656,AL
Coronavac,D1,7,3944,AL
Coronavac,D1,8,3636,AL
Coronavac,D1,9,2069,AL
Coronavac,D1,10,560,AL
Coronavac,D1,11,78,AL
Coronavac,D2,1,0,AL
Coronavac,D2,2,1,AL
Coronavac,D2,3,179,AL
Coronavac,D2,4,96642,AL
Coronavac,D2,5,57163,AL
Coronavac,D2,6,37660,AL
Coronavac,D2,7,18019,AL
Coronavac,D2,8,40728,AL
Coronavac,D2,9,27241,AL
Coronavac,D2,10,5025,AL
Coronavac,D2,11,482,AL
Coronavac,R,1,0,AL
Coronavac,R,2,3,AL
Coronavac,R,3,14,AL
Coronavac,R,4,15705,AL
Coronavac,R,5,23681,AL
Coronavac,R,6,22976,AL
Coronavac,R,7,13806,AL
Coronavac,R,8,63987,AL
Coronavac,R,9,54177,AL
Coronavac,R,10,6565,AL
Coronavac,R,11,308,AL
Pfizer,D1,1,4,AL
Pfizer,D1,2,3809,AL
Pfizer,D1,3,121813,AL
Pfizer,D1,4,81588,AL
Pfizer,D1,5,36744,AL
Pfizer,D1,6,21338,AL
Pfizer,D1,7,10373,AL
Pfizer,D1,8,1962,AL
Pfizer,D1,9,604,AL
Pfizer,D1,10,215,AL
Pfizer,D1,11,39,AL
Pfizer,D2,1,1,AL
Pfizer,D2,2,33,AL
Pfizer,D2,3,140994,AL
Pfizer,D2,4,194011,AL
Pfizer,D2,5,101212,AL
Pfizer,D2,6,87418,AL
Pfizer,D2,7,55353,AL
Pfizer,D2,8,3818,AL
Pfizer,D2,9,911,AL
Pfizer,D2,10,235,AL
Pfizer,D2,11,33,AL
Pfizer,R,1,0,AL
Pfizer,R,2,0,AL
Pfizer,R,3,651,AL
Pfizer,R,4,3943,AL
Pfizer,R,5,6456,AL
Pfizer,R,6,12235,AL
Pfizer,R,7,14166,AL
Pfizer,R,8,281,AL
Pfizer,R,9,67,AL
Pfizer,R,10,14,AL
Pfizer,R,11,2,AL
AZ,D1,1,21,AM
AZ,D1,2,35,AM
AZ,D1,3,309,AM
AZ,D1,4,74939,AM
AZ,D1,5,44065,AM
AZ,D1,6,34557,AM
AZ,D1,7,18152,AM
AZ,D1,8,6114,AM
AZ,D1,9,4151,AM
AZ,D1,10,2192,AM
AZ,D1,11,721,AM
AZ,D2,1,2,AM
AZ,D2,2,16,AM
AZ,D2,3,336,AM
AZ,D2,4,205630,AM
AZ,D2,5,176577,AM
AZ,D2,6,195152,AM
AZ,D2,7,111435,AM
AZ,D2,8,36738,AM
AZ,D2,9,23084,AM
AZ,D2,10,10039,AM
AZ,D2,11,2428,AM
AZ,R,1,0,AM
AZ,R,2,0,AM
AZ,R,3,10,AM
AZ,R,4,14491,AM
AZ,R,5,18313,AM
AZ,R,6,21033,AM
AZ,R,7,18153,AM
AZ,R,8,35773,AM
AZ,R,9,35182,AM
AZ,R,10,11834,AM
AZ,R,11,2010,AM
Coronavac,D1,1,14,AM
Coronavac,D1,2,1611,AM
Coronavac,D1,3,412,AM
Coronavac,D1,4,45973,AM
Coronavac,D1,5,21560,AM
Coronavac,D1,6,12786,AM
Coronavac,D1,7,6937,AM
Coronavac,D1,8,4562,AM
Coronavac,D1,9,1482,AM
Coronavac,D1,10,575,AM
Coronavac,D1,11,216,AM
Coronavac,D2,1,3,AM
Coronavac,D2,2,11,AM
Coronavac,D2,3,434,AM
Coronavac,D2,4,115968,AM
Coronavac,D2,5,66429,AM
Coronavac,D2,6,46756,AM
Coronavac,D2,7,36448,AM
Coronavac,D2,8,34580,AM
Coronavac,D2,9,6727,AM
Coronavac,D2,10,2194,AM
Coronavac,D2,11,519,AM
Coronavac,R,1,0,AM
Coronavac,R,2,2,AM
Coronavac,R,3,42,AM
Coronavac,R,4,20188,AM
Coronavac,R,5,24083,AM
Coronavac,R,6,25994,AM
Coronavac,R,7,32775,AM
Coronavac,R,8,42017,AM
Coronavac,R,9,5470,AM
Coronavac,R,10,1328,AM
Coronavac,R,11,278,AM
Pfizer,D1,1,33,AM
Pfizer,D1,2,3006,AM
Pfizer,D1,3,147633,AM
Pfizer,D1,4,63923,AM
Pfizer,D1,5,33082,AM
Pfizer,D1,6,16690,AM
Pfizer,D1,7,7470,AM
Pfizer,D1,8,1810,AM
Pfizer,D1,9,511,AM
Pfizer,D1,10,156,AM
Pfizer,D1,11,33,AM
Pfizer,D2,1,6,AM
Pfizer,D2,2,302,AM
Pfizer,D2,3,201125,AM
Pfizer,D2,4,161728,AM
Pfizer,D2,5,107844,AM
Pfizer,D2,6,35325,AM
Pfizer,D2,7,17460,AM
Pfizer,D2,8,3242,AM
Pfizer,D2,9,828,AM
Pfizer,D2,10,218,AM
Pfizer,D2,11,30,AM
Pfizer,R,1,0,AM
Pfizer,R,2,2,AM
Pfizer,R,3,434,AM
Pfizer,R,4,343,AM
Pfizer,R,5,233,AM
Pfizer,R,6,136,AM
Pfizer,R,7,121,AM
Pfizer,R,8,33,AM
Pfizer,R,9,12,AM
Pfizer,R,10,4,AM
Pfizer,R,11,0,AM
AZ,D1,2,1,AP
AZ,D1,3,98,AP
AZ,D1,4,17436,AP
AZ,D1,5,16663,AP
AZ,D1,6,9531,AP
AZ,D1,7,6636,AP
AZ,D1,8,1382,AP
AZ,D1,9,237,AP
AZ,D1,10,125,AP
AZ,D1,11,32,AP
AZ,D2,2,0,AP
AZ,D2,3,36,AP
AZ,D2,4,26443,AP
AZ,D2,5,33503,AP
AZ,D2,6,32836,AP
AZ,D2,7,31087,AP
AZ,D2,8,6495,AP
AZ,D2,9,883,AP
AZ,D2,10,577,AP
AZ,D2,11,130,AP
AZ,R,2,1,AP
AZ,R,3,3,AP
AZ,R,4,1682,AP
AZ,R,5,2873,AP
AZ,R,6,3986,AP
AZ,R,7,4278,AP
AZ,R,8,1445,AP
AZ,R,9,556,AP
AZ,R,10,500,AP
AZ,R,11,83,AP
Coronavac,D1,2,222,AP
Coronavac,D1,3,208,AP
Coronavac,D1,4,11004,AP
Coronavac,D1,5,4455,AP
Coronavac,D1,6,2716,AP
Coronavac,D1,7,1074,AP
Coronavac,D1,8,1390,AP
Coronavac,D1,9,646,AP
Coronavac,D1,10,311,AP
Coronavac,D1,11,88,AP
Coronavac,D2,2,1,AP
Coronavac,D2,3,232,AP
Coronavac,D2,4,19436,AP
Coronavac,D2,5,8824,AP
Coronavac,D2,6,9120,AP
Coronavac,D2,7,3627,AP
Coronavac,D2,8,13546,AP
Coronavac,D2,9,6925,AP
Coronavac,D2,10,2548,AP
Coronavac,D2,11,591,AP
Coronavac,R,2,0,AP
Coronavac,R,3,0,AP
Coronavac,R,4,1718,AP
Coronavac,R,5,2270,AP
Coronavac,R,6,2144,AP
Coronavac,R,7,1631,AP
Coronavac,R,8,9464,AP
Coronavac,R,9,6097,AP
Coronavac,R,10,1842,AP
Coronavac,R,11,331,AP
Pfizer,D1,2,126,AP
Pfizer,D1,3,41097,AP
Pfizer,D1,4,35808,AP
Pfizer,D1,5,15685,AP
Pfizer,D1,6,7803,AP
Pfizer,D1,7,3025,AP
Pfizer,D1,8,629,AP
Pfizer,D1,9,175,AP
Pfizer,D1,10,63,AP
Pfizer,D1,11,12,AP
Pfizer,D2,2,42,AP
Pfizer,D2,3,23129,AP
Pfizer,D2,4,27024,AP
Pfizer,D2,5,17880,AP
Pfizer,D2,6,11946,AP
Pfizer,D2,7,4852,AP
Pfizer,D2,8,573,AP
Pfizer,D2,9,156,AP
Pfizer,D2,10,49,AP
Pfizer,D2,11,6,AP
Pfizer,R,2,0,AP
Pfizer,R,3,75,AP
Pfizer,R,4,462,AP
Pfizer,R,5,563,AP
Pfizer,R,6,669,AP
Pfizer,R,7,399,AP
Pfizer,R,8,28,AP
Pfizer,R,9,5,AP
Pfizer,R,10,1,AP
Pfizer,R,11,1,AP
AZ,D1,1,50,BA
AZ,D1,2,62,BA
AZ,D1,3,376,BA
AZ,D1,4,74035,BA
AZ,D1,5,137669,BA
AZ,D1,6,142150,BA
AZ,D1,7,124697,BA
AZ,D1,8,57151,BA
AZ,D1,9,13269,BA
AZ,D1,10,10280,BA
AZ,D1,11,1336,BA
AZ,D2,1,4,BA
AZ,D2,2,19,BA
AZ,D2,3,372,BA
AZ,D2,4,226989,BA
AZ,D2,5,507160,BA
AZ,D2,6,601418,BA
AZ,D2,7,612550,BA
AZ,D2,8,307774,BA
AZ,D2,9,58221,BA
AZ,D2,10,38506,BA
AZ,D2,11,3239,BA
AZ,R,1,1,BA
AZ,R,2,4,BA
AZ,R,3,61,BA
AZ,R,4,54028,BA
AZ,R,5,99225,BA
AZ,R,6,155996,BA
AZ,R,7,272938,BA
AZ,R,8,219110,BA
AZ,R,9,37822,BA
AZ,R,10,41609,BA
AZ,R,11,2012,BA
Coronavac,D1,1,46,BA
Coronavac,D1,2,27984,BA
Coronavac,D1,3,3479,BA
Coronavac,D1,4,232551,BA
Coronavac,D1,5,112493,BA
Coronavac,D1,6,60961,BA
Coronavac,D1,7,28554,BA
Coronavac,D1,8,28250,BA
Coronavac,D1,9,28261,BA
Coronavac,D1,10,10854,BA
Coronavac,D1,11,3945,BA
Coronavac,D2,1,6,BA
Coronavac,D2,2,36,BA
Coronavac,D2,3,1326,BA
Coronavac,D2,4,541812,BA
Coronavac,D2,5,313660,BA
Coronavac,D2,6,180821,BA
Coronavac,D2,7,88209,BA
Coronavac,D2,8,168607,BA
Coronavac,D2,9,157092,BA
Coronavac,D2,10,57319,BA
Coronavac,D2,11,19808,BA
Coronavac,R,1,0,BA
Coronavac,R,2,1,BA
Coronavac,R,3,86,BA
Coronavac,R,4,50310,BA
Coronavac,R,5,85892,BA
Coronavac,R,6,69666,BA
Coronavac,R,7,41788,BA
Coronavac,R,8,261580,BA
Coronavac,R,9,299788,BA
Coronavac,R,10,97023,BA
Coronavac,R,11,31343,BA
Pfizer,D1,1,79,BA
Pfizer,D1,2,46747,BA
Pfizer,D1,3,523647,BA
Pfizer,D1,4,381557,BA
Pfizer,D1,5,220861,BA
Pfizer,D1,6,121726,BA
Pfizer,D1,7,54987,BA
Pfizer,D1,8,8904,BA
Pfizer,D1,9,2850,BA
Pfizer,D1,10,1001,BA
Pfizer,D1,11,243,BA
Pfizer,D2,1,15,BA
Pfizer,D2,2,258,BA
Pfizer,D2,3,480788,BA
Pfizer,D2,4,731602,BA
Pfizer,D2,5,539327,BA
Pfizer,D2,6,388129,BA
Pfizer,D2,7,201145,BA
Pfizer,D2,8,13159,BA
Pfizer,D2,9,3036,BA
Pfizer,D2,10,1049,BA
Pfizer,D2,11,240,BA
Pfizer,R,1,1,BA
Pfizer,R,2,5,BA
Pfizer,R,3,2664,BA
Pfizer,R,4,12034,BA
Pfizer,R,5,22739,BA
Pfizer,R,6,56890,BA
Pfizer,R,7,59963,BA
Pfizer,R,8,1390,BA
Pfizer,R,9,291,BA
Pfizer,R,10,112,BA
Pfizer,R,11,28,BA
AZ,D1,1,21,CE
AZ,D1,2,41,CE
AZ,D1,3,74,CE
AZ,D1,4,25207,CE
AZ,D1,5,46441,CE
AZ,D1,6,57151,CE
AZ,D1,7,65568,CE
AZ,D1,8,49508,CE
AZ,D1,9,6536,CE
AZ,D1,10,14490,CE
AZ,D1,11,5574,CE
AZ,D2,1,51,CE
AZ,D2,2,177,CE
AZ,D2,3,238,CE
AZ,D2,4,141983,CE
AZ,D2,5,263679,CE
AZ,D2,6,391042,CE
AZ,D2,7,358471,CE
AZ,D2,8,148612,CE
AZ,D2,9,21102,CE
AZ,D2,10,30962,CE
AZ,D2,11,11929,CE
AZ,R,1,2,CE
AZ,R,2,4,CE
AZ,R,3,11,CE
AZ,R,4,22251,CE
AZ,R,5,44398,CE
AZ,R,6,96242,CE
AZ,R,7,151285,CE
AZ,R,8,120878,CE
AZ,R,9,26078,CE
AZ,R,10,40473,CE
AZ,R,11,12524,CE
Coronavac,D1,1,65,CE
Coronavac,D1,2,10786,CE
Coronavac,D1,3,1036,CE
Coronavac,D1,4,131459,CE
Coronavac,D1,5,61741,CE
Coronavac,D1,6,32386,CE
Coronavac,D1,7,14839,CE
Coronavac,D1,8,18175,CE
Coronavac,D1,9,22669,CE
Coronavac,D1,10,6132,CE
Coronavac,D1,11,770,CE
Coronavac,D2,1,116,CE
Coronavac,D2,2,170,CE
Coronavac,D2,3,1284,CE
Coronavac,D2,4,438350,CE
Coronavac,D2,5,220950,CE
Coronavac,D2,6,111961,CE
Coronavac,D2,7,50213,CE
Coronavac,D2,8,89045,CE
Coronavac,D2,9,109785,CE
Coronavac,D2,10,29157,CE
Coronavac,D2,11,3238,CE
Coronavac,R,1,2,CE
Coronavac,R,2,4,CE
Coronavac,R,3,36,CE
Coronavac,R,4,55509,CE
Coronavac,R,5,63994,CE
Coronavac,R,6,46072,CE
Coronavac,R,7,27416,CE
Coronavac,R,8,155447,CE
Coronavac,R,9,167672,CE
Coronavac,R,10,39952,CE
Coronavac,R,11,3027,CE
Pfizer,D1,1,114,CE
Pfizer,D1,2,2548,CE
Pfizer,D1,3,224556,CE
Pfizer,D1,4,158252,CE
Pfizer,D1,5,99127,CE
Pfizer,D1,6,53495,CE
Pfizer,D1,7,25091,CE
Pfizer,D1,8,3601,CE
Pfizer,D1,9,1215,CE
Pfizer,D1,10,416,CE
Pfizer,D1,11,81,CE
Pfizer,D2,1,167,CE
Pfizer,D2,2,508,CE
Pfizer,D2,3,402288,CE
Pfizer,D2,4,530894,CE
Pfizer,D2,5,370287,CE
Pfizer,D2,6,189774,CE
Pfizer,D2,7,118105,CE
Pfizer,D2,8,6096,CE
Pfizer,D2,9,1541,CE
Pfizer,D2,10,426,CE
Pfizer,D2,11,62,CE
Pfizer,R,1,0,CE
Pfizer,R,2,2,CE
Pfizer,R,3,548,CE
Pfizer,R,4,13743,CE
Pfizer,R,5,35879,CE
Pfizer,R,6,28796,CE
Pfizer,R,7,37932,CE
Pfizer,R,8,873,CE
Pfizer,R,9,186,CE
Pfizer,R,10,53,CE
Pfizer,R,11,11,CE
AZ,D1,1,0,DF
AZ,D1,2,1,DF
AZ,D1,3,26,DF
AZ,D1,4,14403,DF
AZ,D1,5,13754,DF
AZ,D1,6,20595,DF
AZ,D1,7,13824,DF
AZ,D1,8,6222,DF
AZ,D1,9,1497,DF
AZ,D1,10,1634,DF
AZ,D1,11,382,DF
AZ,D2,1,0,DF
AZ,D2,2,0,DF
AZ,D2,3,62,DF
AZ,D2,4,46853,DF
AZ,D2,5,79127,DF
AZ,D2,6,126966,DF
AZ,D2,7,118791,DF
AZ,D2,8,70192,DF
AZ,D2,9,11386,DF
AZ,D2,10,8430,DF
AZ,D2,11,1634,DF
AZ,R,1,0,DF
AZ,R,2,0,DF
AZ,R,3,8,DF
AZ,R,4,10888,DF
AZ,R,5,17317,DF
AZ,R,6,29359,DF
AZ,R,7,69837,DF
AZ,R,8,51830,DF
AZ,R,9,13968,DF
AZ,R,10,14450,DF
AZ,R,11,2164,DF
Coronavac,D1,1,4,DF
Coronavac,D1,2,16086,DF
Coronavac,D1,3,300,DF
Coronavac,D1,4,35804,DF
Coronavac,D1,5,16235,DF
Coronavac,D1,6,8879,DF
Coronavac,D1,7,3459,DF
Coronavac,D1,8,1882,DF
Coronavac,D1,9,1891,DF
Coronavac,D1,10,782,DF
Coronavac,D1,11,188,DF
Coronavac,D2,1,0,DF
Coronavac,D2,2,2,DF
Coronavac,D2,3,90,DF
Coronavac,D2,4,72579,DF
Coronavac,D2,5,62063,DF
Coronavac,D2,6,43358,DF
Coronavac,D2,7,20529,DF
Coronavac,D2,8,20343,DF
Coronavac,D2,9,21202,DF
Coronavac,D2,10,5783,DF
Coronavac,D2,11,1212,DF
Coronavac,R,1,0,DF
Coronavac,R,2,1,DF
Coronavac,R,3,12,DF
Coronavac,R,4,17845,DF
Coronavac,R,5,32658,DF
Coronavac,R,6,31415,DF
Coronavac,R,7,17397,DF
Coronavac,R,8,42795,DF
Coronavac,R,9,53651,DF
Coronavac,R,10,10088,DF
Coronavac,R,11,1579,DF
Pfizer,D1,1,2,DF
Pfizer,D1,2,4933,DF
Pfizer,D1,3,95610,DF
Pfizer,D1,4,87440,DF
Pfizer,D1,5,45800,DF
Pfizer,D1,6,20504,DF
Pfizer,D1,7,8787,DF
Pfizer,D1,8,1158,DF
Pfizer,D1,9,226,DF
Pfizer,D1,10,70,DF
Pfizer,D1,11,21,DF
Pfizer,D2,1,2,DF
Pfizer,D2,2,21,DF
Pfizer,D2,3,127687,DF
Pfizer,D2,4,245689,DF
Pfizer,D2,5,158052,DF
Pfizer,D2,6,107299,DF
Pfizer,D2,7,51150,DF
Pfizer,D2,8,3576,DF
Pfizer,D2,9,573,DF
Pfizer,D2,10,167,DF
Pfizer,D2,11,20,DF
Pfizer,R,1,0,DF
Pfizer,R,2,0,DF
Pfizer,R,3,696,DF
Pfizer,R,4,3166,DF
Pfizer,R,5,9871,DF
Pfizer,R,6,17997,DF
Pfizer,R,7,19665,DF
Pfizer,R,8,791,DF
Pfizer,R,9,75,DF
Pfizer,R,10,17,DF
Pfizer,R,11,3,DF
AZ,D1,1,2,ES
AZ,D1,2,8,ES
AZ,D1,3,56,ES
AZ,D1,4,14152,ES
AZ,D1,5,19058,ES
AZ,D1,6,20232,ES
AZ,D1,7,17572,ES
AZ,D1,8,6501,ES
AZ,D1,9,846,ES
AZ,D1,10,1288,ES
AZ,D1,11,84,ES
AZ,D2,1,0,ES
AZ,D2,2,0,ES
AZ,D2,3,135,ES
AZ,D2,4,68133,ES
AZ,D2,5,143656,ES
AZ,D2,6,186064,ES
AZ,D2,7,190824,ES
AZ,D2,8,54133,ES
AZ,D2,9,4529,ES
AZ,D2,10,5393,ES
AZ,D2,11,298,ES
AZ,R,1,0,ES
AZ,R,2,1,ES
AZ,R,3,24,ES
AZ,R,4,25873,ES
AZ,R,5,52449,ES
AZ,R,6,89189,ES
AZ,R,7,150199,ES
AZ,R,8,105044,ES
AZ,R,9,7429,ES
AZ,R,10,19066,ES
AZ,R,11,402,ES
Coronavac,D1,1,7,ES
Coronavac,D1,2,22956,ES
Coronavac,D1,3,719,ES
Coronavac,D1,4,49950,ES
Coronavac,D1,5,22816,ES
Coronavac,D1,6,10770,ES
Coronavac,D1,7,4489,ES
Coronavac,D1,8,4280,ES
Coronavac,D1,9,3059,ES
Coronavac,D1,10,1295,ES
Coronavac,D1,11,592,ES
Coronavac,D2,1,2,ES
Coronavac,D2,2,2,ES
Coronavac,D2,3,321,ES
Coronavac,D2,4,131090,ES
Coronavac,D2,5,78659,ES
Coronavac,D2,6,30298,ES
Coronavac,D2,7,11967,ES
Coronavac,D2,8,31376,ES
Coronavac,D2,9,22959,ES
Coronavac,D2,10,8441,ES
Coronavac,D2,11,3361,ES
Coronavac,R,1,0,ES
Coronavac,R,2,0,ES
Coronavac,R,3,32,ES
Coronavac,R,4,27503,ES
Coronavac,R,5,33366,ES
Coronavac,R,6,21897,ES
Coronavac,R,7,11996,ES
Coronavac,R,8,142293,ES
Coronavac,R,9,128562,ES
Coronavac,R,10,34221,ES
Coronavac,R,11,9959,ES
Pfizer,D1,1,21,ES
Pfizer,D1,2,356,ES
Pfizer,D1,3,96575,ES
Pfizer,D1,4,75360,ES
Pfizer,D1,5,35918,ES
Pfizer,D1,6,19303,ES
Pfizer,D1,7,7977,ES
Pfizer,D1,8,1503,ES
Pfizer,D1,9,465,ES
Pfizer,D1,10,174,ES
Pfizer,D1,11,30,ES
Pfizer,D2,1,2,ES
Pfizer,D2,2,97,ES
Pfizer,D2,3,185268,ES
Pfizer,D2,4,268541,ES
Pfizer,D2,5,158346,ES
Pfizer,D2,6,111717,ES
Pfizer,D2,7,42602,ES
Pfizer,D2,8,3391,ES
Pfizer,D2,9,779,ES
Pfizer,D2,10,232,ES
Pfizer,D2,11,38,ES
Pfizer,R,1,0,ES
Pfizer,R,2,0,ES
Pfizer,R,3,392,ES
Pfizer,R,4,6216,ES
Pfizer,R,5,17038,ES
Pfizer,R,6,32653,ES
Pfizer,R,7,18018,ES
Pfizer,R,8,499,ES
Pfizer,R,9,80,ES
Pfizer,R,10,35,ES
Pfizer,R,11,1,ES
AZ,D1,1,0,GO
AZ,D1,2,5,GO
AZ,D1,3,89,GO
AZ,D1,4,34814,GO
AZ,D1,5,63463,GO
AZ,D1,6,58376,GO
AZ,D1,7,35849,GO
AZ,D1,8,14071,GO
AZ,D1,9,2727,GO
AZ,D1,10,2026,GO
AZ,D1,11,316,GO
AZ,D2,1,1,GO
AZ,D2,2,1,GO
AZ,D2,3,156,GO
AZ,D2,4,134773,GO
AZ,D2,5,286145,GO
AZ,D2,6,323268,GO
AZ,D2,7,332495,GO
AZ,D2,8,166078,GO
AZ,D2,9,19947,GO
AZ,D2,10,15495,GO
AZ,D2,11,1517,GO
AZ,R,1,0,GO
AZ,R,2,0,GO
AZ,R,3,32,GO
AZ,R,4,33605,GO
AZ,R,5,50910,GO
AZ,R,6,76430,GO
AZ,R,7,140556,GO
AZ,R,8,119011,GO
AZ,R,9,21686,GO
AZ,R,10,16554,GO
AZ,R,11,1212,GO
Coronavac,D1,1,1,GO
Coronavac,D1,2,10749,GO
Coronavac,D1,3,544,GO
Coronavac,D1,4,113928,GO
Coronavac,D1,5,50276,GO
Coronavac,D1,6,24519,GO
Coronavac,D1,7,8451,GO
Coronavac,D1,8,5312,GO
Coronavac,D1,9,4484,GO
Coronavac,D1,10,1974,GO
Coronavac,D1,11,649,GO
Coronavac,D2,1,0,GO
Coronavac,D2,2,4,GO
Coronavac,D2,3,406,GO
Coronavac,D2,4,279403,GO
Coronavac,D2,5,149454,GO
Coronavac,D2,6,86179,GO
Coronavac,D2,7,37960,GO
Coronavac,D2,8,61876,GO
Coronavac,D2,9,56896,GO
Coronavac,D2,10,19025,GO
Coronavac,D2,11,4896,GO
Coronavac,R,1,0,GO
Coronavac,R,2,0,GO
Coronavac,R,3,23,GO
Coronavac,R,4,29140,GO
Coronavac,R,5,41181,GO
Coronavac,R,6,37325,GO
Coronavac,R,7,23273,GO
Coronavac,R,8,136840,GO
Coronavac,R,9,149014,GO
Coronavac,R,10,40123,GO
Coronavac,R,11,7868,GO
Pfizer,D1,1,10,GO
Pfizer,D1,2,14321,GO
Pfizer,D1,3,239760,GO
Pfizer,D1,4,174880,GO
Pfizer,D1,5,89905,GO
Pfizer,D1,6,45436,GO
Pfizer,D1,7,17909,GO
Pfizer,D1,8,2357,GO
Pfizer,D1,9,660,GO
Pfizer,D1,10,215,GO
Pfizer,D1,11,25,GO
Pfizer,D2,1,2,GO
Pfizer,D2,2,80,GO
Pfizer,D2,3,241739,GO
Pfizer,D2,4,402240,GO
Pfizer,D2,5,302695,GO
Pfizer,D2,6,234869,GO
Pfizer,D2,7,113071,GO
Pfizer,D2,8,6155,GO
Pfizer,D2,9,1422,GO
Pfizer,D2,10,416,GO
Pfizer,D2,11,55,GO
Pfizer,R,1,0,GO
Pfizer,R,2,1,GO
Pfizer,R,3,2052,GO
Pfizer,R,4,10121,GO
Pfizer,R,5,14719,GO
Pfizer,R,6,26639,GO
Pfizer,R,7,37011,GO
Pfizer,R,8,546,GO
Pfizer,R,9,94,GO
Pfizer,R,10,19,GO
Pfizer,R,11,6,GO
AZ,D1,1,5,MA
AZ,D1,2,16,MA
AZ,D1,3,273,MA
AZ,D1,4,91080,MA
AZ,D1,5,84140,MA
AZ,D1,6,63636,MA
AZ,D1,7,41371,MA
AZ,D1,8,18180,MA
AZ,D1,9,4497,MA
AZ,D1,10,3580,MA
AZ,D1,11,843,MA
AZ,D2,1,2,MA
AZ,D2,2,0,MA
AZ,D2,3,333,MA
AZ,D2,4,280015,MA
AZ,D2,5,352747,MA
AZ,D2,6,351555,MA
AZ,D2,7,279016,MA
AZ,D2,8,134722,MA
AZ,D2,9,22087,MA
AZ,D2,10,18370,MA
AZ,D2,11,2843,MA
AZ,R,1,0,MA
AZ,R,2,0,MA
AZ,R,3,45,MA
AZ,R,4,34303,MA
AZ,R,5,55917,MA
AZ,R,6,72982,MA
AZ,R,7,83396,MA
AZ,R,8,68897,MA
AZ,R,9,14678,MA
AZ,R,10,16118,MA
AZ,R,11,1757,MA
Coronavac,D1,1,12,MA
Coronavac,D1,2,5414,MA
Coronavac,D1,3,603,MA
Coronavac,D1,4,60044,MA
Coronavac,D1,5,30527,MA
Coronavac,D1,6,16997,MA
Coronavac,D1,7,8309,MA
Coronavac,D1,8,6527,MA
Coronavac,D1,9,5990,MA
Coronavac,D1,10,2707,MA
Coronavac,D1,11,948,MA
Coronavac,D2,1,1,MA
Coronavac,D2,2,10,MA
Coronavac,D2,3,530,MA
Coronavac,D2,4,139504,MA
Coronavac,D2,5,88449,MA
Coronavac,D2,6,57331,MA
Coronavac,D2,7,32402,MA
Coronavac,D2,8,63690,MA
Coronavac,D2,9,67390,MA
Coronavac,D2,10,24638,MA
Coronavac,D2,11,7288,MA
Coronavac,R,1,0,MA
Coronavac,R,2,0,MA
Coronavac,R,3,39,MA
Coronavac,R,4,21852,MA
Coronavac,R,5,26855,MA
Coronavac,R,6,21247,MA
Coronavac,R,7,15580,MA
Coronavac,R,8,91766,MA
Coronavac,R,9,99557,MA
Coronavac,R,10,26890,MA
Coronavac,R,11,6166,MA
Pfizer,D1,1,17,MA
Pfizer,D1,2,3128,MA
Pfizer,D1,3,236393,MA
Pfizer,D1,4,159122,MA
Pfizer,D1,5,82565,MA
Pfizer,D1,6,43648,MA
Pfizer,D1,7,19540,MA
Pfizer,D1,8,5185,MA
Pfizer,D1,9,1870,MA
Pfizer,D1,10,642,MA
Pfizer,D1,11,113,MA
Pfizer,D2,1,4,MA
Pfizer,D2,2,271,MA
Pfizer,D2,3,329020,MA
Pfizer,D2,4,229686,MA
Pfizer,D2,5,130716,MA
Pfizer,D2,6,77015,MA
Pfizer,D2,7,52531,MA
Pfizer,D2,8,6911,MA
Pfizer,D2,9,2157,MA
Pfizer,D2,10,697,MA
Pfizer,D2,11,102,MA
Pfizer,R,1,0,MA
Pfizer,R,2,5,MA
Pfizer,R,3,1952,MA
Pfizer,R,4,7780,MA
Pfizer,R,5,5505,MA
Pfizer,R,6,5696,MA
Pfizer,R,7,11482,MA
Pfizer,R,8,402,MA
Pfizer,R,9,92,MA
Pfizer,R,10,28,MA
Pfizer,R,11,4,MA
AZ,D1,1,24,MG
AZ,D1,2,36,MG
AZ,D1,3,217,MG
AZ,D1,4,95508,MG
AZ,D1,5,170020,MG
AZ,D1,6,183220,MG
AZ,D1,7,129298,MG
AZ,D1,8,68200,MG
AZ,D1,9,5530,MG
AZ,D1,10,13566,MG
AZ,D1,11,1824,MG
AZ,D2,1,9,MG
AZ,D2,2,40,MG
AZ,D2,3,426,MG
AZ,D2,4,393941,MG
AZ,D2,5,777015,MG
AZ,D2,6,1089003,MG
AZ,D2,7,1013360,MG
AZ,D2,8,594394,MG
AZ,D2,9,27829,MG
AZ,D2,10,72487,MG
AZ,D2,11,6747,MG
AZ,R,1,3,MG
AZ,R,2,9,MG
AZ,R,3,119,MG
AZ,R,4,105565,MG
AZ,R,5,169954,MG
AZ,R,6,240159,MG
AZ,R,7,465952,MG
AZ,R,8,576128,MG
AZ,R,9,23359,MG
AZ,R,10,105165,MG
AZ,R,11,10587,MG
Coronavac,D1,1,19,MG
Coronavac,D1,2,26178,MG
Coronavac,D1,3,785,MG
Coronavac,D1,4,197673,MG
Coronavac,D1,5,74835,MG
Coronavac,D1,6,31275,MG
Coronavac,D1,7,16119,MG
Coronavac,D1,8,17848,MG
Coronavac,D1,9,21029,MG
Coronavac,D1,10,6906,MG
Coronavac,D1,11,2544,MG
Coronavac,D2,1,10,MG
Coronavac,D2,2,55,MG
Coronavac,D2,3,989,MG
Coronavac,D2,4,798879,MG
Coronavac,D2,5,403597,MG
Coronavac,D2,6,171730,MG
Coronavac,D2,7,117853,MG
Coronavac,D2,8,185777,MG
Coronavac,D2,9,226835,MG
Coronavac,D2,10,60791,MG
Coronavac,D2,11,20947,MG
Coronavac,R,1,0,MG
Coronavac,R,2,8,MG
Coronavac,R,3,120,MG
Coronavac,R,4,122564,MG
Coronavac,R,5,178219,MG
Coronavac,R,6,118443,MG
Coronavac,R,7,100409,MG
Coronavac,R,8,434520,MG
Coronavac,R,9,698586,MG
Coronavac,R,10,166758,MG
Coronavac,R,11,44796,MG
Pfizer,D1,1,55,MG
Pfizer,D1,2,15143,MG
Pfizer,D1,3,584207,MG
Pfizer,D1,4,477150,MG
Pfizer,D1,5,238846,MG
Pfizer,D1,6,118290,MG
Pfizer,D1,7,56540,MG
Pfizer,D1,8,5892,MG
Pfizer,D1,9,1287,MG
Pfizer,D1,10,468,MG
Pfizer,D1,11,103,MG
Pfizer,D2,1,46,MG
Pfizer,D2,2,482,MG
Pfizer,D2,3,774399,MG
Pfizer,D2,4,1221356,MG
Pfizer,D2,5,900541,MG
Pfizer,D2,6,596834,MG
Pfizer,D2,7,378301,MG
Pfizer,D2,8,12844,MG
Pfizer,D2,9,2635,MG
Pfizer,D2,10,854,MG
Pfizer,D2,11,216,MG
Pfizer,R,1,1,MG
Pfizer,R,2,5,MG
Pfizer,R,3,4990,MG
Pfizer,R,4,30716,MG
Pfizer,R,5,47413,MG
Pfizer,R,6,79187,MG
Pfizer,R,7,123503,MG
Pfizer,R,8,1595,MG
Pfizer,R,9,241,MG
Pfizer,R,10,89,MG
Pfizer,R,11,23,MG
AZ,D1,1,4,MS
AZ,D1,2,8,MS
AZ,D1,3,43,MS
AZ,D1,4,12756,MS
AZ,D1,5,12491,MS
AZ,D1,6,10737,MS
AZ,D1,7,11045,MS
AZ,D1,8,3391,MS
AZ,D1,9,823,MS
AZ,D1,10,502,MS
AZ,D1,11,83,MS
AZ,D2,1,2,MS
AZ,D2,2,0,MS
AZ,D2,3,85,MS
AZ,D2,4,63528,MS
AZ,D2,5,83261,MS
AZ,D2,6,88702,MS
AZ,D2,7,109365,MS
AZ,D2,8,26395,MS
AZ,D2,9,4198,MS
AZ,D2,10,2194,MS
AZ,D2,11,252,MS
AZ,R,1,0,MS
AZ,R,2,0,MS
AZ,R,3,13,MS
AZ,R,4,14883,MS
AZ,R,5,25764,MS
AZ,R,6,39833,MS
AZ,R,7,61093,MS
AZ,R,8,28072,MS
AZ,R,9,6384,MS
AZ,R,10,4104,MS
AZ,R,11,207,MS
Coronavac,D1,1,5,MS
Coronavac,D1,2,3619,MS
Coronavac,D1,3,280,MS
Coronavac,D1,4,31082,MS
Coronavac,D1,5,14140,MS
Coronavac,D1,6,7190,MS
Coronavac,D1,7,3013,MS
Coronavac,D1,8,3433,MS
Coronavac,D1,9,2183,MS
Coronavac,D1,10,906,MS
Coronavac,D1,11,277,MS
Coronavac,D2,1,2,MS
Coronavac,D2,2,3,MS
Coronavac,D2,3,172,MS
Coronavac,D2,4,95156,MS
Coronavac,D2,5,52466,MS
Coronavac,D2,6,33690,MS
Coronavac,D2,7,14912,MS
Coronavac,D2,8,27573,MS
Coronavac,D2,9,18322,MS
Coronavac,D2,10,8105,MS
Coronavac,D2,11,2165,MS
Coronavac,R,1,0,MS
Coronavac,R,2,1,MS
Coronavac,R,3,35,MS
Coronavac,R,4,15335,MS
Coronavac,R,5,14613,MS
Coronavac,R,6,13792,MS
Coronavac,R,7,7644,MS
Coronavac,R,8,58003,MS
Coronavac,R,9,40226,MS
Coronavac,R,10,12607,MS
Coronavac,R,11,2522,MS
Pfizer,D1,1,3,MS
Pfizer,D1,2,3365,MS
Pfizer,D1,3,61933,MS
Pfizer,D1,4,39095,MS
Pfizer,D1,5,19780,MS
Pfizer,D1,6,11625,MS
Pfizer,D1,7,4962,MS
Pfizer,D1,8,1269,MS
Pfizer,D1,9,364,MS
Pfizer,D1,10,134,MS
Pfizer,D1,11,23,MS
Pfizer,D2,1,9,MS
Pfizer,D2,2,117,MS
Pfizer,D2,3,162114,MS
Pfizer,D2,4,114832,MS
Pfizer,D2,5,74057,MS
Pfizer,D2,6,55763,MS
Pfizer,D2,7,22213,MS
Pfizer,D2,8,2953,MS
Pfizer,D2,9,774,MS
Pfizer,D2,10,303,MS
Pfizer,D2,11,52,MS
Pfizer,R,1,0,MS
Pfizer,R,2,0,MS
Pfizer,R,3,915,MS
Pfizer,R,4,9537,MS
Pfizer,R,5,10241,MS
Pfizer,R,6,11261,MS
Pfizer,R,7,6264,MS
Pfizer,R,8,383,MS
Pfizer,R,9,94,MS
Pfizer,R,10,54,MS
Pfizer,R,11,5,MS
AZ,D1,1,3,MT
AZ,D1,2,3,MT
AZ,D1,3,69,MT
AZ,D1,4,32530,MT
AZ,D1,5,33587,MT
AZ,D1,6,23664,MT
AZ,D1,7,16172,MT
AZ,D1,8,8188,MT
AZ,D1,9,1196,MT
AZ,D1,10,1172,MT
AZ,D1,11,133,MT
AZ,D2,1,1,MT
AZ,D2,2,3,MT
AZ,D2,3,102,MT
AZ,D2,4,114010,MT
AZ,D2,5,163122,MT
AZ,D2,6,166716,MT
AZ,D2,7,156831,MT
AZ,D2,8,86895,MT
AZ,D2,9,7195,MT
AZ,D2,10,5934,MT
AZ,D2,11,474,MT
AZ,R,1,0,MT
AZ,R,2,0,MT
AZ,R,3,17,MT
AZ,R,4,12354,MT
AZ,R,5,21207,MT
AZ,R,6,31405,MT
AZ,R,7,51367,MT
AZ,R,8,46559,MT
AZ,R,9,3665,MT
AZ,R,10,5165,MT
AZ,R,11,256,MT
Coronavac,D1,1,1,MT
Coronavac,D1,2,3802,MT
Coronavac,D1,3,388,MT
Coronavac,D1,4,39517,MT
Coronavac,D1,5,19257,MT
Coronavac,D1,6,10559,MT
Coronavac,D1,7,4628,MT
Coronavac,D1,8,3249,MT
Coronavac,D1,9,2763,MT
Coronavac,D1,10,1097,MT
Coronavac,D1,11,298,MT
Coronavac,D2,1,0,MT
Coronavac,D2,2,1,MT
Coronavac,D2,3,214,MT
Coronavac,D2,4,107776,MT
Coronavac,D2,5,65896,MT
Coronavac,D2,6,41941,MT
Coronavac,D2,7,17823,MT
Coronavac,D2,8,34132,MT
Coronavac,D2,9,31777,MT
Coronavac,D2,10,9246,MT
Coronavac,D2,11,2276,MT
Coronavac,R,1,0,MT
Coronavac,R,2,0,MT
Coronavac,R,3,19,MT
Coronavac,R,4,15753,MT
Coronavac,R,5,19703,MT
Coronavac,R,6,16324,MT
Coronavac,R,7,9302,MT
Coronavac,R,8,46010,MT
Coronavac,R,9,60375,MT
Coronavac,R,10,15445,MT
Coronavac,R,11,2813,MT
Pfizer,D1,1,12,MT
Pfizer,D1,2,2484,MT
Pfizer,D1,3,125382,MT
Pfizer,D1,4,99185,MT
Pfizer,D1,5,50207,MT
Pfizer,D1,6,28047,MT
Pfizer,D1,7,12572,MT
Pfizer,D1,8,2395,MT
Pfizer,D1,9,702,MT
Pfizer,D1,10,196,MT
Pfizer,D1,11,23,MT
Pfizer,D2,1,0,MT
Pfizer,D2,2,36,MT
Pfizer,D2,3,116137,MT
Pfizer,D2,4,188533,MT
Pfizer,D2,5,141782,MT
Pfizer,D2,6,107994,MT
Pfizer,D2,7,64522,MT
Pfizer,D2,8,5977,MT
Pfizer,D2,9,1435,MT
Pfizer,D2,10,368,MT
Pfizer,D2,11,49,MT
Pfizer,R,1,0,MT
Pfizer,R,2,0,MT
Pfizer,R,3,747,MT
Pfizer,R,4,3668,MT
Pfizer,R,5,6059,MT
Pfizer,R,6,9683,MT
Pfizer,R,7,13271,MT
Pfizer,R,8,679,MT
Pfizer,R,9,107,MT
Pfizer,R,10,30,MT
Pfizer,R,11,5,MT
AZ,D1,1,6,PA
AZ,D1,2,22,PA
AZ,D1,3,551,PA
AZ,D1,4,139887,PA
AZ,D1,5,111078,PA
AZ,D1,6,90505,PA
AZ,D1,7,59645,PA
AZ,D1,8,22455,PA
AZ,D1,9,9790,PA
AZ,D1,10,4366,PA
AZ,D1,11,680,PA
AZ,D2,1,1,PA
AZ,D2,2,3,PA
AZ,D2,3,561,PA
AZ,D2,4,319795,PA
AZ,D2,5,331590,PA
AZ,D2,6,359557,PA
AZ,D2,7,282630,PA
AZ,D2,8,119992,PA
AZ,D2,9,51740,PA
AZ,D2,10,18519,PA
AZ,D2,11,1957,PA
AZ,R,1,0,PA
AZ,R,2,0,PA
AZ,R,3,144,PA
AZ,R,4,29757,PA
AZ,R,5,43580,PA
AZ,R,6,61914,PA
AZ,R,7,62523,PA
AZ,R,8,70868,PA
AZ,R,9,31641,PA
AZ,R,10,11238,PA
AZ,R,11,765,PA
Coronavac,D1,1,10,PA
Coronavac,D1,2,23692,PA
Coronavac,D1,3,1395,PA
Coronavac,D1,4,106668,PA
Coronavac,D1,5,56002,PA
Coronavac,D1,6,32597,PA
Coronavac,D1,7,16843,PA
Coronavac,D1,8,12831,PA
Coronavac,D1,9,7062,PA
Coronavac,D1,10,3233,PA
Coronavac,D1,11,1073,PA
Coronavac,D2,1,2,PA
Coronavac,D2,2,15,PA
Coronavac,D2,3,1206,PA
Coronavac,D2,4,198734,PA
Coronavac,D2,5,112015,PA
Coronavac,D2,6,67962,PA
Coronavac,D2,7,44093,PA
Coronavac,D2,8,96366,PA
Coronavac,D2,9,58415,PA
Coronavac,D2,10,26966,PA
Coronavac,D2,11,7570,PA
Coronavac,R,1,0,PA
Coronavac,R,2,1,PA
Coronavac,R,3,38,PA
Coronavac,R,4,18288,PA
Coronavac,R,5,22115,PA
Coronavac,R,6,19780,PA
Coronavac,R,7,23430,PA
Coronavac,R,8,118993,PA
Coronavac,R,9,63903,PA
Coronavac,R,10,19674,PA
Coronavac,R,11,4627,PA
Pfizer,D1,1,10,PA
Pfizer,D1,2,6769,PA
Pfizer,D1,3,302715,PA
Pfizer,D1,4,195454,PA
Pfizer,D1,5,107387,PA
Pfizer,D1,6,58721,PA
Pfizer,D1,7,28080,PA
Pfizer,D1,8,5573,PA
Pfizer,D1,9,1862,PA
Pfizer,D1,10,618,PA
Pfizer,D1,11,98,PA
Pfizer,D2,1,3,PA
Pfizer,D2,2,2277,PA
Pfizer,D2,3,344598,PA
Pfizer,D2,4,347387,PA
Pfizer,D2,5,250910,PA
Pfizer,D2,6,161599,PA
Pfizer,D2,7,93035,PA
Pfizer,D2,8,4891,PA
Pfizer,D2,9,1391,PA
Pfizer,D2,10,404,PA
Pfizer,D2,11,39,PA
Pfizer,R,1,0,PA
Pfizer,R,2,12,PA
Pfizer,R,3,1326,PA
Pfizer,R,4,9128,PA
Pfizer,R,5,21813,PA
Pfizer,R,6,23607,PA
Pfizer,R,7,36793,PA
Pfizer,R,8,278,PA
Pfizer,R,9,72,PA
Pfizer,R,10,18,PA
Pfizer,R,11,1,PA
AZ,D1,1,2,PB
AZ,D1,2,3,PB
AZ,D1,3,56,PB
AZ,D1,4,9072,PB
AZ,D1,5,30767,PB
AZ,D1,6,29447,PB
AZ,D1,7,21382,PB
AZ,D1,8,6812,PB
AZ,D1,9,1159,PB
AZ,D1,10,2236,PB
AZ,D1,11,242,PB
AZ,D2,1,1,PB
AZ,D2,2,1,PB
AZ,D2,3,85,PB
AZ,D2,4,52216,PB
AZ,D2,5,189370,PB
AZ,D2,6,200689,PB
AZ,D2,7,175466,PB
AZ,D2,8,57573,PB
AZ,D2,9,7260,PB
AZ,D2,10,14099,PB
AZ,D2,11,890,PB
AZ,R,1,0,PB
AZ,R,2,0,PB
AZ,R,3,17,PB
AZ,R,4,20023,PB
AZ,R,5,32767,PB
AZ,R,6,47925,PB
AZ,R,7,88876,PB
AZ,R,8,53572,PB
AZ,R,9,6815,PB
AZ,R,10,17527,PB
AZ,R,11,641,PB
Coronavac,D1,1,0,PB
Coronavac,D1,2,2127,PB
Coronavac,D1,3,381,PB
Coronavac,D1,4,46489,PB
Coronavac,D1,5,21749,PB
Coronavac,D1,6,12268,PB
Coronavac,D1,7,6480,PB
Coronavac,D1,8,6849,PB
Coronavac,D1,9,5507,PB
Coronavac,D1,10,2093,PB
Coronavac,D1,11,883,PB
Coronavac,D2,1,0,PB
Coronavac,D2,2,3,PB
Coronavac,D2,3,395,PB
Coronavac,D2,4,174096,PB
Coronavac,D2,5,81259,PB
Coronavac,D2,6,42806,PB
Coronavac,D2,7,26955,PB
Coronavac,D2,8,60147,PB
Coronavac,D2,9,44107,PB
Coronavac,D2,10,14018,PB
Coronavac,D2,11,5721,PB
Coronavac,R,1,0,PB
Coronavac,R,2,1,PB
Coronavac,R,3,23,PB
Coronavac,R,4,22266,PB
Coronavac,R,5,28740,PB
Coronavac,R,6,19405,PB
Coronavac,R,7,12879,PB
Coronavac,R,8,113793,PB
Coronavac,R,9,118179,PB
Coronavac,R,10,31211,PB
Coronavac,R,11,10496,PB
Pfizer,D1,1,9,PB
Pfizer,D1,2,4667,PB
Pfizer,D1,3,153200,PB
Pfizer,D1,4,102487,PB
Pfizer,D1,5,42007,PB
Pfizer,D1,6,22720,PB
Pfizer,D1,7,11367,PB
Pfizer,D1,8,1671,PB
Pfizer,D1,9,621,PB
Pfizer,D1,10,276,PB
Pfizer,D1,11,84,PB
Pfizer,D2,1,4,PB
Pfizer,D2,2,72,PB
Pfizer,D2,3,152775,PB
Pfizer,D2,4,269846,PB
Pfizer,D2,5,157349,PB
Pfizer,D2,6,114785,PB
Pfizer,D2,7,65829,PB
Pfizer,D2,8,3692,PB
Pfizer,D2,9,992,PB
Pfizer,D2,10,387,PB
Pfizer,D2,11,57,PB
Pfizer,R,1,0,PB
Pfizer,R,2,2,PB
Pfizer,R,3,1015,PB
Pfizer,R,4,6200,PB
Pfizer,R,5,9177,PB
Pfizer,R,6,10849,PB
Pfizer,R,7,11841,PB
Pfizer,R,8,344,PB
Pfizer,R,9,63,PB
Pfizer,R,10,22,PB
Pfizer,R,11,3,PB
AZ,D1,1,12,PE
AZ,D1,2,26,PE
AZ,D1,3,129,PE
AZ,D1,4,43564,PE
AZ,D1,5,72879,PE
AZ,D1,6,77892,PE
AZ,D1,7,65246,PE
AZ,D1,8,25648,PE
AZ,D1,9,5083,PE
AZ,D1,10,11497,PE
AZ,D1,11,3750,PE
AZ,D2,1,31,PE
AZ,D2,2,93,PE
AZ,D2,3,242,PE
AZ,D2,4,185860,PE
AZ,D2,5,380824,PE
AZ,D2,6,467808,PE
AZ,D2,7,489786,PE
AZ,D2,8,187123,PE
AZ,D2,9,22658,PE
AZ,D2,10,42280,PE
AZ,D2,11,11906,PE
AZ,R,1,0,PE
AZ,R,2,1,PE
AZ,R,3,26,PE
AZ,R,4,30149,PE
AZ,R,5,49563,PE
AZ,R,6,87004,PE
AZ,R,7,151446,PE
AZ,R,8,101840,PE
AZ,R,9,11676,PE
AZ,R,10,43839,PE
AZ,R,11,9436,PE
Coronavac,D1,1,41,PE
Coronavac,D1,2,6366,PE
Coronavac,D1,3,630,PE
Coronavac,D1,4,111222,PE
Coronavac,D1,5,51005,PE
Coronavac,D1,6,24311,PE
Coronavac,D1,7,11050,PE
Coronavac,D1,8,15227,PE
Coronavac,D1,9,13883,PE
Coronavac,D1,10,2852,PE
Coronavac,D1,11,442,PE
Coronavac,D2,1,46,PE
Coronavac,D2,2,61,PE
Coronavac,D2,3,711,PE
Coronavac,D2,4,402218,PE
Coronavac,D2,5,201168,PE
Coronavac,D2,6,95785,PE
Coronavac,D2,7,42054,PE
Coronavac,D2,8,120746,PE
Coronavac,D2,9,109354,PE
Coronavac,D2,10,18165,PE
Coronavac,D2,11,1788,PE
Coronavac,R,1,0,PE
Coronavac,R,2,1,PE
Coronavac,R,3,35,PE
Coronavac,R,4,41890,PE
Coronavac,R,5,56210,PE
Coronavac,R,6,40969,PE
Coronavac,R,7,24769,PE
Coronavac,R,8,148287,PE
Coronavac,R,9,160821,PE
Coronavac,R,10,14329,PE
Coronavac,R,11,1071,PE
Pfizer,D1,1,79,PE
Pfizer,D1,2,4664,PE
Pfizer,D1,3,357465,PE
Pfizer,D1,4,259059,PE
Pfizer,D1,5,141037,PE
Pfizer,D1,6,75063,PE
Pfizer,D1,7,34138,PE
Pfizer,D1,8,7816,PE
Pfizer,D1,9,2868,PE
Pfizer,D1,10,1066,PE
Pfizer,D1,11,207,PE
Pfizer,D2,1,57,PE
Pfizer,D2,2,287,PE
Pfizer,D2,3,346645,PE
Pfizer,D2,4,492035,PE
Pfizer,D2,5,345677,PE
Pfizer,D2,6,247355,PE
Pfizer,D2,7,113986,PE
Pfizer,D2,8,12286,PE
Pfizer,D2,9,3385,PE
Pfizer,D2,10,971,PE
Pfizer,D2,11,185,PE
Pfizer,R,1,1,PE
Pfizer,R,2,1,PE
Pfizer,R,3,1688,PE
Pfizer,R,4,9865,PE
Pfizer,R,5,13205,PE
Pfizer,R,6,19801,PE
Pfizer,R,7,14913,PE
Pfizer,R,8,708,PE
Pfizer,R,9,157,PE
Pfizer,R,10,55,PE
Pfizer,R,11,6,PE
AZ,D1,1,3,PI
AZ,D1,2,3,PI
AZ,D1,3,41,PI
AZ,D1,4,10727,PI
AZ,D1,5,16974,PI
AZ,D1,6,25291,PI
AZ,D1,7,16760,PI
AZ,D1,8,9087,PI
AZ,D1,9,932,PI
AZ,D1,10,1777,PI
AZ,D1,11,124,PI
AZ,D2,1,0,PI
AZ,D2,2,2,PI
AZ,D2,3,56,PI
AZ,D2,4,55045,PI
AZ,D2,5,96962,PI
AZ,D2,6,180685,PI
AZ,D2,7,162072,PI
AZ,D2,8,103310,PI
AZ,D2,9,6482,PI
AZ,D2,10,9876,PI
AZ,D2,11,473,PI
AZ,R,1,0,PI
AZ,R,2,0,PI
AZ,R,3,8,PI
AZ,R,4,15475,PI
AZ,R,5,22137,PI
AZ,R,6,28105,PI
AZ,R,7,63285,PI
AZ,R,8,77172,PI
AZ,R,9,4464,PI
AZ,R,10,12533,PI
AZ,R,11,377,PI
Coronavac,D1,1,3,PI
Coronavac,D1,2,5584,PI
Coronavac,D1,3,367,PI
Coronavac,D1,4,35286,PI
Coronavac,D1,5,15695,PI
Coronavac,D1,6,7012,PI
Coronavac,D1,7,2853,PI
Coronavac,D1,8,2366,PI
Coronavac,D1,9,3820,PI
Coronavac,D1,10,1576,PI
Coronavac,D1,11,686,PI
Coronavac,D2,1,0,PI
Coronavac,D2,2,3,PI
Coronavac,D2,3,474,PI
Coronavac,D2,4,149952,PI
Coronavac,D2,5,91264,PI
Coronavac,D2,6,38176,PI
Coronavac,D2,7,14650,PI
Coronavac,D2,8,20516,PI
Coronavac,D2,9,38983,PI
Coronavac,D2,10,12209,PI
Coronavac,D2,11,4280,PI
Coronavac,R,1,0,PI
Coronavac,R,2,0,PI
Coronavac,R,3,11,PI
Coronavac,R,4,14509,PI
Coronavac,R,5,22324,PI
Coronavac,R,6,15418,PI
Coronavac,R,7,9526,PI
Coronavac,R,8,34854,PI
Coronavac,R,9,88537,PI
Coronavac,R,10,24715,PI
Coronavac,R,11,7825,PI
Pfizer,D1,1,4,PI
Pfizer,D1,2,5071,PI
Pfizer,D1,3,107930,PI
Pfizer,D1,4,73462,PI
Pfizer,D1,5,38028,PI
Pfizer,D1,6,13905,PI
Pfizer,D1,7,5879,PI
Pfizer,D1,8,835,PI
Pfizer,D1,9,290,PI
Pfizer,D1,10,93,PI
Pfizer,D1,11,20,PI
Pfizer,D2,1,4,PI
Pfizer,D2,2,93,PI
Pfizer,D2,3,151170,PI
Pfizer,D2,4,201208,PI
Pfizer,D2,5,174231,PI
Pfizer,D2,6,89963,PI
Pfizer,D2,7,52560,PI
Pfizer,D2,8,1688,PI
Pfizer,D2,9,404,PI
Pfizer,D2,10,96,PI
Pfizer,D2,11,18,PI
Pfizer,R,1,0,PI
Pfizer,R,2,3,PI
Pfizer,R,3,1004,PI
Pfizer,R,4,5520,PI
Pfizer,R,5,8364,PI
Pfizer,R,6,12891,PI
Pfizer,R,7,10724,PI
Pfizer,R,8,180,PI
Pfizer,R,9,36,PI
Pfizer,R,10,14,PI
Pfizer,R,11,2,PI
AZ,D1,1,15,PR
AZ,D1,2,35,PR
AZ,D1,3,99,PR
AZ,D1,4,36510,PR
AZ,D1,5,55681,PR
AZ,D1,6,41976,PR
AZ,D1,7,40772,PR
AZ,D1,8,25312,PR
AZ,D1,9,2187,PR
AZ,D1,10,4578,PR
AZ,D1,11,347,PR
AZ,D2,1,9,PR
AZ,D2,2,15,PR
AZ,D2,3,181,PR
AZ,D2,4,213311,PR
AZ,D2,5,488883,PR
AZ,D2,6,492737,PR
AZ,D2,7,581286,PR
AZ,D2,8,331922,PR
AZ,D2,9,14938,PR
AZ,D2,10,30996,PR
AZ,D2,11,1097,PR
AZ,R,1,2,PR
AZ,R,2,4,PR
AZ,R,3,52,PR
AZ,R,4,58350,PR
AZ,R,5,88930,PR
AZ,R,6,155891,PR
AZ,R,7,367833,PR
AZ,R,8,360581,PR
AZ,R,9,10221,PR
AZ,R,10,52233,PR
AZ,R,11,1316,PR
Coronavac,D1,1,18,PR
Coronavac,D1,2,27092,PR
Coronavac,D1,3,1026,PR
Coronavac,D1,4,84293,PR
Coronavac,D1,5,34976,PR
Coronavac,D1,6,16734,PR
Coronavac,D1,7,7203,PR
Coronavac,D1,8,5282,PR
Coronavac,D1,9,7536,PR
Coronavac,D1,10,3025,PR
Coronavac,D1,11,1278,PR
Coronavac,D2,1,4,PR
Coronavac,D2,2,24,PR
Coronavac,D2,3,722,PR
Coronavac,D2,4,418043,PR
Coronavac,D2,5,225561,PR
Coronavac,D2,6,104418,PR
Coronavac,D2,7,42199,PR
Coronavac,D2,8,67751,PR
Coronavac,D2,9,101401,PR
Coronavac,D2,10,27265,PR
Coronavac,D2,11,8768,PR
Coronavac,R,1,2,PR
Coronavac,R,2,3,PR
Coronavac,R,3,89,PR
Coronavac,R,4,80602,PR
Coronavac,R,5,109352,PR
Coronavac,R,6,71877,PR
Coronavac,R,7,36329,PR
Coronavac,R,8,192851,PR
Coronavac,R,9,382535,PR
Coronavac,R,10,80046,PR
Coronavac,R,11,21098,PR
Pfizer,D1,1,42,PR
Pfizer,D1,2,13610,PR
Pfizer,D1,3,332469,PR
Pfizer,D1,4,226593,PR
Pfizer,D1,5,82730,PR
Pfizer,D1,6,46190,PR
Pfizer,D1,7,20631,PR
Pfizer,D1,8,3399,PR
Pfizer,D1,9,941,PR
Pfizer,D1,10,304,PR
Pfizer,D1,11,59,PR
Pfizer,D2,1,27,PR
Pfizer,D2,2,177,PR
Pfizer,D2,3,459178,PR
Pfizer,D2,4,868042,PR
Pfizer,D2,5,492865,PR
Pfizer,D2,6,421977,PR
Pfizer,D2,7,190249,PR
Pfizer,D2,8,9634,PR
Pfizer,D2,9,2278,PR
Pfizer,D2,10,694,PR
Pfizer,D2,11,81,PR
Pfizer,R,1,0,PR
Pfizer,R,2,0,PR
Pfizer,R,3,3315,PR
Pfizer,R,4,23337,PR
Pfizer,R,5,37362,PR
Pfizer,R,6,71936,PR
Pfizer,R,7,95281,PR
Pfizer,R,8,1087,PR
Pfizer,R,9,322,PR
Pfizer,R,10,135,PR
Pfizer,R,11,16,PR
AZ,D1,1,9,RJ
AZ,D1,2,35,RJ
AZ,D1,3,439,RJ
AZ,D1,4,122055,RJ
AZ,D1,5,144418,RJ
AZ,D1,6,142103,RJ
AZ,D1,7,116269,RJ
AZ,D1,8,51319,RJ
AZ,D1,9,9535,RJ
AZ,D1,10,10344,RJ
AZ,D1,11,2589,RJ
AZ,D2,1,1,RJ
AZ,D2,2,3,RJ
AZ,D2,3,489,RJ
AZ,D2,4,383515,RJ
AZ,D2,5,643974,RJ
AZ,D2,6,717552,RJ
AZ,D2,7,820200,RJ
AZ,D2,8,354760,RJ
AZ,D2,9,40758,RJ
AZ,D2,10,42332,RJ
AZ,D2,11,8785,RJ
AZ,R,1,0,RJ
AZ,R,2,1,RJ
AZ,R,3,70,RJ
AZ,R,4,91154,RJ
AZ,R,5,150068,RJ
AZ,R,6,228087,RJ
AZ,R,7,443035,RJ
AZ,R,8,439069,RJ
AZ,R,9,66043,RJ
AZ,R,10,71335,RJ
AZ,R,11,12191,RJ
Coronavac,D1,1,17,RJ
Coronavac,D1,2,55221,RJ
Coronavac,D1,3,1051,RJ
Coronavac,D1,4,149014,RJ
Coronavac,D1,5,73860,RJ
Coronavac,D1,6,38515,RJ
Coronavac,D1,7,18335,RJ
Coronavac,D1,8,32590,RJ
Coronavac,D1,9,25843,RJ
Coronavac,D1,10,11663,RJ
Coronavac,D1,11,3552,RJ
Coronavac,D2,1,2,RJ
Coronavac,D2,2,12,RJ
Coronavac,D2,3,939,RJ
Coronavac,D2,4,507249,RJ
Coronavac,D2,5,347266,RJ
Coronavac,D2,6,202614,RJ
Coronavac,D2,7,89917,RJ
Coronavac,D2,8,233055,RJ
Coronavac,D2,9,196648,RJ
Coronavac,D2,10,65198,RJ
Coronavac,D2,11,18513,RJ
Coronavac,R,1,1,RJ
Coronavac,R,2,2,RJ
Coronavac,R,3,71,RJ
Coronavac,R,4,93139,RJ
Coronavac,R,5,124490,RJ
Coronavac,R,6,104957,RJ
Coronavac,R,7,68756,RJ
Coronavac,R,8,437463,RJ
Coronavac,R,9,475777,RJ
Coronavac,R,10,132577,RJ
Coronavac,R,11,22641,RJ
Pfizer,D1,1,69,RJ
Pfizer,D1,2,8537,RJ
Pfizer,D1,3,511916,RJ
Pfizer,D1,4,447867,RJ
Pfizer,D1,5,212773,RJ
Pfizer,D1,6,124501,RJ
Pfizer,D1,7,66186,RJ
Pfizer,D1,8,12140,RJ
Pfizer,D1,9,3419,RJ
Pfizer,D1,10,1175,RJ
Pfizer,D1,11,207,RJ
Pfizer,D2,1,19,RJ
Pfizer,D2,2,416,RJ
Pfizer,D2,3,602388,RJ
Pfizer,D2,4,929403,RJ
Pfizer,D2,5,567751,RJ
Pfizer,D2,6,433719,RJ
Pfizer,D2,7,251734,RJ
Pfizer,D2,8,22679,RJ
Pfizer,D2,9,5296,RJ
Pfizer,D2,10,1567,RJ
Pfizer,D2,11,336,RJ
Pfizer,R,1,0,RJ
Pfizer,R,2,10,RJ
Pfizer,R,3,5901,RJ
Pfizer,R,4,28590,RJ
Pfizer,R,5,43837,RJ
Pfizer,R,6,96287,RJ
Pfizer,R,7,88090,RJ
Pfizer,R,8,5516,RJ
Pfizer,R,9,912,RJ
Pfizer,R,10,252,RJ
Pfizer,R,11,49,RJ
AZ,D1,1,6,RN
AZ,D1,2,7,RN
AZ,D1,3,44,RN
AZ,D1,4,9623,RN
AZ,D1,5,15005,RN
AZ,D1,6,13715,RN
AZ,D1,7,11097,RN
AZ,D1,8,3905,RN
AZ,D1,9,672,RN
AZ,D1,10,1198,RN
AZ,D1,11,221,RN
AZ,D2,1,3,RN
AZ,D2,2,2,RN
AZ,D2,3,79,RN
AZ,D2,4,68901,RN
AZ,D2,5,148569,RN
AZ,D2,6,156245,RN
AZ,D2,7,151529,RN
AZ,D2,8,50271,RN
AZ,D2,9,4947,RN
AZ,D2,10,8639,RN
AZ,D2,11,974,RN
AZ,R,1,0,RN
AZ,R,2,1,RN
AZ,R,3,9,RN
AZ,R,4,18373,RN
AZ,R,5,35421,RN
AZ,R,6,56777,RN
AZ,R,7,103196,RN
AZ,R,8,75475,RN
AZ,R,9,7053,RN
AZ,R,10,20037,RN
AZ,R,11,1464,RN
Coronavac,D1,1,4,RN
Coronavac,D1,2,1323,RN
Coronavac,D1,3,226,RN
Coronavac,D1,4,33453,RN
Coronavac,D1,5,17087,RN
Coronavac,D1,6,8717,RN
Coronavac,D1,7,4057,RN
Coronavac,D1,8,2413,RN
Coronavac,D1,9,1918,RN
Coronavac,D1,10,779,RN
Coronavac,D1,11,387,RN
Coronavac,D2,1,1,RN
Coronavac,D2,2,7,RN
Coronavac,D2,3,265,RN
Coronavac,D2,4,119973,RN
Coronavac,D2,5,76133,RN
Coronavac,D2,6,37905,RN
Coronavac,D2,7,17629,RN
Coronavac,D2,8,25554,RN
Coronavac,D2,9,25038,RN
Coronavac,D2,10,7636,RN
Coronavac,D2,11,3103,RN
Coronavac,R,1,0,RN
Coronavac,R,2,0,RN
Coronavac,R,3,130,RN
Coronavac,R,4,25422,RN
Coronavac,R,5,33771,RN
Coronavac,R,6,26787,RN
Coronavac,R,7,14608,RN
Coronavac,R,8,80888,RN
Coronavac,R,9,103991,RN
Coronavac,R,10,23405,RN
Coronavac,R,11,8704,RN
Pfizer,D1,1,24,RN
Pfizer,D1,2,1621,RN
Pfizer,D1,3,98132,RN
Pfizer,D1,4,61198,RN
Pfizer,D1,5,28283,RN
Pfizer,D1,6,14456,RN
Pfizer,D1,7,7156,RN
Pfizer,D1,8,1682,RN
Pfizer,D1,9,574,RN
Pfizer,D1,10,240,RN
Pfizer,D1,11,52,RN
Pfizer,D2,1,18,RN
Pfizer,D2,2,135,RN
Pfizer,D2,3,155651,RN
Pfizer,D2,4,248051,RN
Pfizer,D2,5,138511,RN
Pfizer,D2,6,88224,RN
Pfizer,D2,7,43993,RN
Pfizer,D2,8,3915,RN
Pfizer,D2,9,856,RN
Pfizer,D2,10,303,RN
Pfizer,D2,11,44,RN
Pfizer,R,1,0,RN
Pfizer,R,2,0,RN
Pfizer,R,3,414,RN
Pfizer,R,4,7295,RN
Pfizer,R,5,12313,RN
Pfizer,R,6,17885,RN
Pfizer,R,7,13736,RN
Pfizer,R,8,571,RN
Pfizer,R,9,60,RN
Pfizer,R,10,21,RN
Pfizer,R,11,2,RN
AZ,D1,1,3,RO
AZ,D1,2,3,RO
AZ,D1,3,65,RO
AZ,D1,4,13395,RO
AZ,D1,5,14948,RO
AZ,D1,6,11204,RO
AZ,D1,7,8665,RO
AZ,D1,8,3886,RO
AZ,D1,9,616,RO
AZ,D1,10,604,RO
AZ,D1,11,146,RO
AZ,D2,1,0,RO
AZ,D2,2,5,RO
AZ,D2,3,136,RO
AZ,D2,4,51304,RO
AZ,D2,5,77517,RO
AZ,D2,6,67493,RO
AZ,D2,7,73175,RO
AZ,D2,8,28360,RO
AZ,D2,9,2991,RO
AZ,D2,10,2417,RO
AZ,D2,11,542,RO
AZ,R,1,0,RO
AZ,R,2,1,RO
AZ,R,3,9,RO
AZ,R,4,6568,RO
AZ,R,5,11861,RO
AZ,R,6,15975,RO
AZ,R,7,27315,RO
AZ,R,8,21507,RO
AZ,R,9,1799,RO
AZ,R,10,3070,RO
AZ,R,11,458,RO
Coronavac,D1,1,1,RO
Coronavac,D1,2,148,RO
Coronavac,D1,3,96,RO
Coronavac,D1,4,10326,RO
Coronavac,D1,5,6398,RO
Coronavac,D1,6,3784,RO
Coronavac,D1,7,2021,RO
Coronavac,D1,8,2228,RO
Coronavac,D1,9,1672,RO
Coronavac,D1,10,571,RO
Coronavac,D1,11,118,RO
Coronavac,D2,1,0,RO
Coronavac,D2,2,2,RO
Coronavac,D2,3,131,RO
Coronavac,D2,4,35208,RO
Coronavac,D2,5,29159,RO
Coronavac,D2,6,18317,RO
Coronavac,D2,7,9752,RO
Coronavac,D2,8,19501,RO
Coronavac,D2,9,14041,RO
Coronavac,D2,10,4503,RO
Coronavac,D2,11,799,RO
Coronavac,R,1,0,RO
Coronavac,R,2,0,RO
Coronavac,R,3,15,RO
Coronavac,R,4,8817,RO
Coronavac,R,5,11865,RO
Coronavac,R,6,10040,RO
Coronavac,R,7,6367,RO
Coronavac,R,8,28792,RO
Coronavac,R,9,26838,RO
Coronavac,R,10,6412,RO
Coronavac,R,11,673,RO
Pfizer,D1,1,4,RO
Pfizer,D1,2,4014,RO
Pfizer,D1,3,48006,RO
Pfizer,D1,4,51715,RO
Pfizer,D1,5,24319,RO
Pfizer,D1,6,15668,RO
Pfizer,D1,7,7446,RO
Pfizer,D1,8,1470,RO
Pfizer,D1,9,403,RO
Pfizer,D1,10,141,RO
Pfizer,D1,11,26,RO
Pfizer,D2,1,2,RO
Pfizer,D2,2,118,RO
Pfizer,D2,3,85372,RO
Pfizer,D2,4,104120,RO
Pfizer,D2,5,54673,RO
Pfizer,D2,6,50739,RO
Pfizer,D2,7,25080,RO
Pfizer,D2,8,2525,RO
Pfizer,D2,9,682,RO
Pfizer,D2,10,191,RO
Pfizer,D2,11,14,RO
Pfizer,R,1,0,RO
Pfizer,R,2,1,RO
Pfizer,R,3,350,RO
Pfizer,R,4,2924,RO
Pfizer,R,5,3321,RO
Pfizer,R,6,6573,RO
Pfizer,R,7,5070,RO
Pfizer,R,8,186,RO
Pfizer,R,9,41,RO
Pfizer,R,10,11,RO
Pfizer,R,11,0,RO
AZ,D1,1,0,RR
AZ,D1,2,3,RR
AZ,D1,3,32,RR
AZ,D1,4,13902,RR
AZ,D1,5,8476,RR
AZ,D1,6,5775,RR
AZ,D1,7,3454,RR
AZ,D1,8,844,RR
AZ,D1,9,308,RR
AZ,D1,10,61,RR
AZ,D1,11,9,RR
AZ,D2,1,0,RR
AZ,D2,2,0,RR
AZ,D2,3,36,RR
AZ,D2,4,26851,RR
AZ,D2,5,20589,RR
AZ,D2,6,20790,RR
AZ,D2,7,18690,RR
AZ,D2,8,2813,RR
AZ,D2,9,1848,RR
AZ,D2,10,170,RR
AZ,D2,11,20,RR
AZ,R,1,0,RR
AZ,R,2,0,RR
AZ,R,3,0,RR
AZ,R,4,873,RR
AZ,R,5,1068,RR
AZ,R,6,1592,RR
AZ,R,7,2376,RR
AZ,R,8,391,RR
AZ,R,9,1015,RR
AZ,R,10,47,RR
AZ,R,11,4,RR
Coronavac,D1,1,4,RR
Coronavac,D1,2,684,RR
Coronavac,D1,3,135,RR
Coronavac,D1,4,7261,RR
Coronavac,D1,5,3627,RR
Coronavac,D1,6,2168,RR
Coronavac,D1,7,1264,RR
Coronavac,D1,8,1043,RR
Coronavac,D1,9,455,RR
Coronavac,D1,10,205,RR
Coronavac,D1,11,55,RR
Coronavac,D2,1,0,RR
Coronavac,D2,2,0,RR
Coronavac,D2,3,51,RR
Coronavac,D2,4,14204,RR
Coronavac,D2,5,8004,RR
Coronavac,D2,6,5582,RR
Coronavac,D2,7,3197,RR
Coronavac,D2,8,10665,RR
Coronavac,D2,9,3513,RR
Coronavac,D2,10,1606,RR
Coronavac,D2,11,357,RR
Coronavac,R,1,0,RR
Coronavac,R,2,0,RR
Coronavac,R,3,1,RR
Coronavac,R,4,1539,RR
Coronavac,R,5,2522,RR
Coronavac,R,6,2306,RR
Coronavac,R,7,1181,RR
Coronavac,R,8,9788,RR
Coronavac,R,9,3930,RR
Coronavac,R,10,1544,RR
Coronavac,R,11,232,RR
Pfizer,D1,1,7,RR
Pfizer,D1,2,732,RR
Pfizer,D1,3,20104,RR
Pfizer,D1,4,20842,RR
Pfizer,D1,5,12955,RR
Pfizer,D1,6,7754,RR
Pfizer,D1,7,3817,RR
Pfizer,D1,8,841,RR
Pfizer,D1,9,210,RR
Pfizer,D1,10,40,RR
Pfizer,D1,11,6,RR
Pfizer,D2,1,0,RR
Pfizer,D2,2,37,RR
Pfizer,D2,3,26829,RR
Pfizer,D2,4,21666,RR
Pfizer,D2,5,17406,RR
Pfizer,D2,6,14158,RR
Pfizer,D2,7,8492,RR
Pfizer,D2,8,1142,RR
Pfizer,D2,9,318,RR
Pfizer,D2,10,66,RR
Pfizer,D2,11,8,RR
Pfizer,R,1,0,RR
Pfizer,R,2,0,RR
Pfizer,R,3,106,RR
Pfizer,R,4,529,RR
Pfizer,R,5,601,RR
Pfizer,R,6,686,RR
Pfizer,R,7,634,RR
Pfizer,R,8,28,RR
Pfizer,R,9,10,RR
Pfizer,R,10,1,RR
Pfizer,R,11,0,RR
AZ,D1,1,12,RS
AZ,D1,2,31,RS
AZ,D1,3,252,RS
AZ,D1,4,56890,RS
AZ,D1,5,58269,RS
AZ,D1,6,36699,RS
AZ,D1,7,31492,RS
AZ,D1,8,15801,RS
AZ,D1,9,2923,RS
AZ,D1,10,4599,RS
AZ,D1,11,618,RS
AZ,D2,1,8,RS
AZ,D2,2,17,RS
AZ,D2,3,438,RS
AZ,D2,4,340591,RS
AZ,D2,5,527737,RS
AZ,D2,6,470810,RS
AZ,D2,7,560415,RS
AZ,D2,8,273867,RS
AZ,D2,9,24452,RS
AZ,D2,10,35199,RS
AZ,D2,11,2209,RS
AZ,R,1,0,RS
AZ,R,2,1,RS
AZ,R,3,109,RS
AZ,R,4,88130,RS
AZ,R,5,145373,RS
AZ,R,6,222443,RS
AZ,R,7,442447,RS
AZ,R,8,298502,RS
AZ,R,9,33457,RS
AZ,R,10,61286,RS
AZ,R,11,1785,RS
Coronavac,D1,1,12,RS
Coronavac,D1,2,18388,RS
Coronavac,D1,3,380,RS
Coronavac,D1,4,65797,RS
Coronavac,D1,5,29803,RS
Coronavac,D1,6,14358,RS
Coronavac,D1,7,6923,RS
Coronavac,D1,8,10257,RS
Coronavac,D1,9,8353,RS
Coronavac,D1,10,3972,RS
Coronavac,D1,11,1587,RS
Coronavac,D2,1,4,RS
Coronavac,D2,2,12,RS
Coronavac,D2,3,553,RS
Coronavac,D2,4,278985,RS
Coronavac,D2,5,154474,RS
Coronavac,D2,6,89384,RS
Coronavac,D2,7,42080,RS
Coronavac,D2,8,145938,RS
Coronavac,D2,9,103587,RS
Coronavac,D2,10,34391,RS
Coronavac,D2,11,11743,RS
Coronavac,R,1,1,RS
Coronavac,R,2,1,RS
Coronavac,R,3,127,RS
Coronavac,R,4,83345,RS
Coronavac,R,5,100892,RS
Coronavac,R,6,82205,RS
Coronavac,R,7,47799,RS
Coronavac,R,8,388291,RS
Coronavac,R,9,450876,RS
Coronavac,R,10,105857,RS
Coronavac,R,11,26613,RS
Pfizer,D1,1,38,RS
Pfizer,D1,2,8749,RS
Pfizer,D1,3,283595,RS
Pfizer,D1,4,190467,RS
Pfizer,D1,5,81426,RS
Pfizer,D1,6,42683,RS
Pfizer,D1,7,21906,RS
Pfizer,D1,8,5332,RS
Pfizer,D1,9,1530,RS
Pfizer,D1,10,543,RS
Pfizer,D1,11,91,RS
Pfizer,D2,1,11,RS
Pfizer,D2,2,178,RS
Pfizer,D2,3,445261,RS
Pfizer,D2,4,704270,RS
Pfizer,D2,5,388019,RS
Pfizer,D2,6,303920,RS
Pfizer,D2,7,156702,RS
Pfizer,D2,8,13561,RS
Pfizer,D2,9,3522,RS
Pfizer,D2,10,1059,RS
Pfizer,D2,11,143,RS
Pfizer,R,1,0,RS
Pfizer,R,2,1,RS
Pfizer,R,3,4883,RS
Pfizer,R,4,25961,RS
Pfizer,R,5,44634,RS
Pfizer,R,6,78570,RS
Pfizer,R,7,69763,RS
Pfizer,R,8,2322,RS
Pfizer,R,9,435,RS
Pfizer,R,10,109,RS
Pfizer,R,11,17,RS
AZ,D1,1,10,SC
AZ,D1,2,24,SC
AZ,D1,3,74,SC
AZ,D1,4,30771,SC
AZ,D1,5,40399,SC
AZ,D1,6,31726,SC
AZ,D1,7,23690,SC
AZ,D1,8,14146,SC
AZ,D1,9,1500,SC
AZ,D1,10,2242,SC
AZ,D1,11,162,SC
AZ,D2,1,11,SC
AZ,D2,2,18,SC
AZ,D2,3,175,SC
AZ,D2,4,180619,SC
AZ,D2,5,325276,SC
AZ,D2,6,334384,SC
AZ,D2,7,371193,SC
AZ,D2,8,243762,SC
AZ,D2,9,12715,SC
AZ,D2,10,14477,SC
AZ,D2,11,615,SC
AZ,R,1,1,SC
AZ,R,2,3,SC
AZ,R,3,53,SC
AZ,R,4,32779,SC
AZ,R,5,54151,SC
AZ,R,6,80337,SC
AZ,R,7,160837,SC
AZ,R,8,175810,SC
AZ,R,9,8309,SC
AZ,R,10,28885,SC
AZ,R,11,538,SC
Coronavac,D1,1,12,SC
Coronavac,D1,2,8065,SC
Coronavac,D1,3,564,SC
Coronavac,D1,4,90448,SC
Coronavac,D1,5,41500,SC
Coronavac,D1,6,18235,SC
Coronavac,D1,7,8256,SC
Coronavac,D1,8,4315,SC
Coronavac,D1,9,4930,SC
Coronavac,D1,10,1942,SC
Coronavac,D1,11,648,SC
Coronavac,D2,1,5,SC
Coronavac,D2,2,11,SC
Coronavac,D2,3,409,SC
Coronavac,D2,4,277873,SC
Coronavac,D2,5,165642,SC
Coronavac,D2,6,92429,SC
Coronavac,D2,7,53191,SC
Coronavac,D2,8,49087,SC
Coronavac,D2,9,65260,SC
Coronavac,D2,10,16571,SC
Coronavac,D2,11,5156,SC
Coronavac,R,1,2,SC
Coronavac,R,2,0,SC
Coronavac,R,3,50,SC
Coronavac,R,4,36578,SC
Coronavac,R,5,46740,SC
Coronavac,R,6,38132,SC
Coronavac,R,7,26652,SC
Coronavac,R,8,117121,SC
Coronavac,R,9,212640,SC
Coronavac,R,10,44694,SC
Coronavac,R,11,10823,SC
Pfizer,D1,1,43,SC
Pfizer,D1,2,21132,SC
Pfizer,D1,3,201847,SC
Pfizer,D1,4,141701,SC
Pfizer,D1,5,77892,SC
Pfizer,D1,6,33738,SC
Pfizer,D1,7,17010,SC
Pfizer,D1,8,3570,SC
Pfizer,D1,9,675,SC
Pfizer,D1,10,177,SC
Pfizer,D1,11,39,SC
Pfizer,D2,1,20,SC
Pfizer,D2,2,87,SC
Pfizer,D2,3,258849,SC
Pfizer,D2,4,504151,SC
Pfizer,D2,5,368859,SC
Pfizer,D2,6,228133,SC
Pfizer,D2,7,156628,SC
Pfizer,D2,8,17704,SC
Pfizer,D2,9,2060,SC
Pfizer,D2,10,519,SC
Pfizer,D2,11,85,SC
Pfizer,R,1,0,SC
Pfizer,R,2,2,SC
Pfizer,R,3,1349,SC
Pfizer,R,4,6115,SC
Pfizer,R,5,12815,SC
Pfizer,R,6,21110,SC
Pfizer,R,7,33649,SC
Pfizer,R,8,2101,SC
Pfizer,R,9,118,SC
Pfizer,R,10,37,SC
Pfizer,R,11,0,SC
AZ,D1,1,2,SE
AZ,D1,2,4,SE
AZ,D1,3,29,SE
AZ,D1,4,12290,SE
AZ,D1,5,21591,SE
AZ,D1,6,17526,SE
AZ,D1,7,16657,SE
AZ,D1,8,6280,SE
AZ,D1,9,901,SE
AZ,D1,10,1624,SE
AZ,D1,11,217,SE
AZ,D2,1,1,SE
AZ,D2,2,1,SE
AZ,D2,3,47,SE
AZ,D2,4,35900,SE
AZ,D2,5,96885,SE
AZ,D2,6,90170,SE
AZ,D2,7,100952,SE
AZ,D2,8,42021,SE
AZ,D2,9,4757,SE
AZ,D2,10,6229,SE
AZ,D2,11,775,SE
AZ,R,1,0,SE
AZ,R,2,0,SE
AZ,R,3,9,SE
AZ,R,4,7943,SE
AZ,R,5,14515,SE
AZ,R,6,25141,SE
AZ,R,7,44190,SE
AZ,R,8,35454,SE
AZ,R,9,7819,SE
AZ,R,10,9307,SE
AZ,R,11,1455,SE
Coronavac,D1,1,5,SE
Coronavac,D1,2,2215,SE
Coronavac,D1,3,268,SE
Coronavac,D1,4,20328,SE
Coronavac,D1,5,11893,SE
Coronavac,D1,6,7923,SE
Coronavac,D1,7,3327,SE
Coronavac,D1,8,3076,SE
Coronavac,D1,9,3043,SE
Coronavac,D1,10,710,SE
Coronavac,D1,11,260,SE
Coronavac,D2,1,1,SE
Coronavac,D2,2,2,SE
Coronavac,D2,3,112,SE
Coronavac,D2,4,52748,SE
Coronavac,D2,5,41974,SE
Coronavac,D2,6,29068,SE
Coronavac,D2,7,12030,SE
Coronavac,D2,8,23050,SE
Coronavac,D2,9,21185,SE
Coronavac,D2,10,4554,SE
Coronavac,D2,11,1795,SE
Coronavac,R,1,0,SE
Coronavac,R,2,0,SE
Coronavac,R,3,10,SE
Coronavac,R,4,11383,SE
Coronavac,R,5,16173,SE
Coronavac,R,6,13537,SE
Coronavac,R,7,6042,SE
Coronavac,R,8,33185,SE
Coronavac,R,9,41620,SE
Coronavac,R,10,8614,SE
Coronavac,R,11,2622,SE
Pfizer,D1,1,5,SE
Pfizer,D1,2,2384,SE
Pfizer,D1,3,74664,SE
Pfizer,D1,4,76034,SE
Pfizer,D1,5,31080,SE
Pfizer,D1,6,17428,SE
Pfizer,D1,7,7431,SE
Pfizer,D1,8,1277,SE
Pfizer,D1,9,437,SE
Pfizer,D1,10,142,SE
Pfizer,D1,11,76,SE
Pfizer,D2,1,2,SE
Pfizer,D2,2,47,SE
Pfizer,D2,3,97392,SE
Pfizer,D2,4,170457,SE
Pfizer,D2,5,71568,SE
Pfizer,D2,6,58214,SE
Pfizer,D2,7,24030,SE
Pfizer,D2,8,1930,SE
Pfizer,D2,9,535,SE
Pfizer,D2,10,144,SE
Pfizer,D2,11,33,SE
Pfizer,R,1,0,SE
Pfizer,R,2,0,SE
Pfizer,R,3,280,SE
Pfizer,R,4,4287,SE
Pfizer,R,5,5754,SE
Pfizer,R,6,11664,SE
Pfizer,R,7,7184,SE
Pfizer,R,8,157,SE
Pfizer,R,9,32,SE
Pfizer,R,10,14,SE
Pfizer,R,11,0,SE
AZ,D1,1,101,SP
AZ,D1,2,233,SP
AZ,D1,3,685,SP
AZ,D1,4,329062,SP
AZ,D1,5,230952,SP
AZ,D1,6,212658,SP
AZ,D1,7,162706,SP
AZ,D1,8,105254,SP
AZ,D1,9,13178,SP
AZ,D1,10,23038,SP
AZ,D1,11,3100,SP
AZ,D2,1,24,SP
AZ,D2,2,89,SP
AZ,D2,3,1268,SP
AZ,D2,4,902259,SP
AZ,D2,5,1521999,SP
AZ,D2,6,2160775,SP
AZ,D2,7,2044475,SP
AZ,D2,8,1097250,SP
AZ,D2,9,79643,SP
AZ,D2,10,181464,SP
AZ,D2,11,8923,SP
AZ,R,1,4,SP
AZ,R,2,11,SP
AZ,R,3,269,SP
AZ,R,4,272621,SP
AZ,R,5,473900,SP
AZ,R,6,1096489,SP
AZ,R,7,1689495,SP
AZ,R,8,1508452,SP
AZ,R,9,88000,SP
AZ,R,10,207365,SP
AZ,R,11,12056,SP
Coronavac,D1,1,273,SP
Coronavac,D1,2,843922,SP
Coronavac,D1,3,5014,SP
Coronavac,D1,4,447848,SP
Coronavac,D1,5,217005,SP
Coronavac,D1,6,90070,SP
Coronavac,D1,7,43541,SP
Coronavac,D1,8,38813,SP
Coronavac,D1,9,54328,SP
Coronavac,D1,10,20200,SP
Coronavac,D1,11,8177,SP
Coronavac,D2,1,49,SP
Coronavac,D2,2,184,SP
Coronavac,D2,3,3008,SP
Coronavac,D2,4,2530820,SP
Coronavac,D2,5,1731341,SP
Coronavac,D2,6,654244,SP
Coronavac,D2,7,366497,SP
Coronavac,D2,8,332669,SP
Coronavac,D2,9,347225,SP
Coronavac,D2,10,97045,SP
Coronavac,D2,11,35275,SP
Coronavac,R,1,15,SP
Coronavac,R,2,24,SP
Coronavac,R,3,509,SP
Coronavac,R,4,911459,SP
Coronavac,R,5,1023605,SP
Coronavac,R,6,607422,SP
Coronavac,R,7,429011,SP
Coronavac,R,8,844237,SP
Coronavac,R,9,1571107,SP
Coronavac,R,10,335042,SP
Coronavac,R,11,98644,SP
Pfizer,D1,1,259,SP
Pfizer,D1,2,9309,SP
Pfizer,D1,3,1106671,SP
Pfizer,D1,4,690488,SP
Pfizer,D1,5,252630,SP
Pfizer,D1,6,144550,SP
Pfizer,D1,7,68274,SP
Pfizer,D1,8,20775,SP
Pfizer,D1,9,4367,SP
Pfizer,D1,10,1487,SP
Pfizer,D1,11,294,SP
Pfizer,D2,1,264,SP
Pfizer,D2,2,1313,SP
Pfizer,D2,3,2308574,SP
Pfizer,D2,4,2007334,SP
Pfizer,D2,5,1303733,SP
Pfizer,D2,6,995044,SP
Pfizer,D2,7,421324,SP
Pfizer,D2,8,79423,SP
Pfizer,D2,9,6540,SP
Pfizer,D2,10,1724,SP
Pfizer,D2,11,283,SP
Pfizer,R,1,3,SP
Pfizer,R,2,4,SP
Pfizer,R,3,1758,SP
Pfizer,R,4,101471,SP
Pfizer,R,5,225989,SP
Pfizer,R,6,346104,SP
Pfizer,R,7,260976,SP
Pfizer,R,8,91366,SP
Pfizer,R,9,960,SP
Pfizer,R,10,230,SP
Pfizer,R,11,31,SP
AZ,D1,1,0,TO
AZ,D1,2,1,TO
AZ,D1,3,32,TO
AZ,D1,4,12954,TO
AZ,D1,5,13485,TO
AZ,D1,6,11519,TO
AZ,D1,7,7690,TO
AZ,D1,8,3391,TO
AZ,D1,9,422,TO
AZ,D1,10,145,TO
AZ,D1,11,22,TO
AZ,D2,1,0,TO
AZ,D2,2,0,TO
AZ,D2,3,34,TO
AZ,D2,4,47717,TO
AZ,D2,5,64153,TO
AZ,D2,6,73337,TO
AZ,D2,7,65087,TO
AZ,D2,8,34179,TO
AZ,D2,9,2116,TO
AZ,D2,10,468,TO
AZ,D2,11,87,TO
AZ,R,1,0,TO
AZ,R,2,0,TO
AZ,R,3,3,TO
AZ,R,4,6067,TO
AZ,R,5,9880,TO
AZ,R,6,13960,TO
AZ,R,7,18435,TO
AZ,R,8,19025,TO
AZ,R,9,618,TO
AZ,R,10,151,TO
AZ,R,11,13,TO
Coronavac,D1,1,2,TO
Coronavac,D1,2,894,TO
Coronavac,D1,3,92,TO
Coronavac,D1,4,10050,TO
Coronavac,D1,5,5255,TO
Coronavac,D1,6,3023,TO
Coronavac,D1,7,1379,TO
Coronavac,D1,8,1067,TO
Coronavac,D1,9,1246,TO
Coronavac,D1,10,774,TO
Coronavac,D1,11,230,TO
Coronavac,D2,1,0,TO
Coronavac,D2,2,0,TO
Coronavac,D2,3,59,TO
Coronavac,D2,4,31528,TO
Coronavac,D2,5,24874,TO
Coronavac,D2,6,15659,TO
Coronavac,D2,7,8817,TO
Coronavac,D2,8,13250,TO
Coronavac,D2,9,15772,TO
Coronavac,D2,10,7471,TO
Coronavac,D2,11,1767,TO
Coronavac,R,1,0,TO
Coronavac,R,2,0,TO
Coronavac,R,3,3,TO
Coronavac,R,4,5616,TO
Coronavac,R,5,8855,TO
Coronavac,R,6,7489,TO
Coronavac,R,7,4887,TO
Coronavac,R,8,19815,TO
Coronavac,R,9,29337,TO
Coronavac,R,10,11716,TO
Coronavac,R,11,2027,TO
Pfizer,D1,1,3,TO
Pfizer,D1,2,226,TO
Pfizer,D1,3,52897,TO
Pfizer,D1,4,54852,TO
Pfizer,D1,5,25497,TO
Pfizer,D1,6,13516,TO
Pfizer,D1,7,5988,TO
Pfizer,D1,8,1448,TO
Pfizer,D1,9,407,TO
Pfizer,D1,10,137,TO
Pfizer,D1,11,23,TO
Pfizer,D2,1,0,TO
Pfizer,D2,2,25,TO
Pfizer,D2,3,67015,TO
Pfizer,D2,4,84774,TO
Pfizer,D2,5,50059,TO
Pfizer,D2,6,35574,TO
Pfizer,D2,7,18203,TO
Pfizer,D2,8,2332,TO
Pfizer,D2,9,488,TO
Pfizer,D2,10,162,TO
Pfizer,D2,11,25,TO
Pfizer,R,1,0,TO
Pfizer,R,2,0,TO
Pfizer,R,3,277,TO
Pfizer,R,4,2490,TO
Pfizer,R,5,3075,TO
Pfizer,R,6,4161,TO
Pfizer,R,7,4415,TO
Pfizer,R,8,383,TO
Pfizer,R,9,37,TO
Pfizer,R,10,9,TO
Pfizer,R,11,0,TO
